title,url,username,tags,viewers
THE CRITTER IS: COMMISSIONS !LURK !DISCORD,/fourleafisland,,"['Nonbinary', 'English', 'LGBT']",223
"i'm making art, get in here",/officialevelynclaire,,"['SheHer', 'American', 'Bisexual']",233
NIGHTOWL ARTIST CONTINUES BIRTHDAY ART REDEEMS (I have a doctor appointment at 8am staying awake till then),/orobou,,['English'],135
art tuahsday | !gs !video,/xootynator,,"['unpaidlabour', 'woman', 'English']",136
lock in and work(please),/greypidjun,,"['Illustration', 'Anime', 'English']",115
[art] [png] givathon sketch #4 + photocards || !givathon2 !studyhall !discord,/jinkgo_,,"['ComfyChaotic', 'Anime', 'Charity']",45
"We are Zman ||  StreamAvatars, PCG, !fish",/vertaki,,"['Sculptor', 'English', 'pngtuber']",14
focus mode fr fr,/klaius,,"['English', 'Anime', 'DigitalArt']",76
drawing strem,/ronillust,,"['art', 'memes', 'Vtuber', 'English']",96
ðŸ’The coloring kitty cat!! | 1 sub = 1 spin! | PP GOAL: 13/100 | !advgg !18+ !bluesky,/cherrichus,,"['vtuber', 'English', 'silly']",54
ðŸŽCreating EMOTES | COME VIBEðŸŽ !Socials,/gems,,"['Chatty', 'Turkish', 'Canada']",63
I know how to draw?,/zaquelle,,"['Kaneshiro', 'maplesyrup', 'English']",91
white raven âœ¨ðŸ£âœ¨ drawing and painting with watercolor today! âœ¨ â™¥ !charms â™¥ !new â™¥ !shop â™¥ !pp â™¥,/oakteaparty,,"['watercolor', 'Chatty', 'Painting']",96
i like to eat plants as all human beings do,/chocojax,,"['English', 'NoBackseating', 'Chatty']",156
modeeeeeeeeeeellllllllll|  !throne !model !tools !etsy,/aeriselle,,"['CoWorking', 'Bald', 'Anime']",40
ðŸ’¥Drawing Star Fox!ðŸ’¥!socials !discord !commissions !kofi !rogue,/thedammitch,,"['Furry', 'CharacterDesign', 'bald']",30
drawing,/tri51_,,['English'],20
BIRTHDAY STREAM! DRAWING REQUESTS FOR SUBS!,/foolishkia,,"['vtuber', 'rubberhose', 'comedy']",66
GET BACK TO TWERK!!| !donate | !socials | VFUR âœ¨|ðŸ”ž,/puppiwuppi,,"['English', 'karaoke', 'Furry']",26
princess strawb ðŸ’– !patreon !merch !links,/marissamjart,,"['loud', 'Drawing', 'anime', 'art']",15
doing lines! Not the drug ones!,/hungrypeachboy,,"['relaxing', 'NewZealand', 'nz']",28
Back to the Art grind ðŸ’œðŸ’œ Lets get some more emotes done !babygirl !love,/humstorm,,"['ENVtuber', 'Interactivewithchat']",35
Hang out with me while I work!!,/tiadragon,,"['darksouls', 'commissions', 'Anime']",62
Glassblowing - casually playing with lava! ðŸ”¥ !Etsy,/valenciaglass,,"['commissions', 'art', 'Cozy', 'fire']",37
"Digital landscape and environment painting - Lightning, clouds and cats.",/abluskittle,,"['CoWorking', 'British', 'DigitalArt']",53
helloooo,/bigham_vt,,"['vtuber', 'SheHer', 'nobackseating']",35
â™±â›§Finishing up an art comm :>| Subathon Day 27â›§â™±| !Subathon !discord [ENG/ ESP],/oniimely,,"['English', 'LurkerFriendly', 'Yapper']",16
FINISHING THIS QUAIL COMMISSION i stg do NOT let me yap hehehe (or....do?). let's paint! watercolor!,/pinionpaint,,"['Painting', 'artstream', 'Australian']",44
frick | art & chat,/zhvowa,,"['Vtuber', 'art', 'BritishChinese']",37
ULTIMATE YAPPING <Making Vtoobahs.>  !clip !donate !lurk !throne,/cutiepierin,,"['Female', 'newcomerswelcome']",27
